Computer,Username
C-PF2VALQB,ramkumar_k_r
C-PF2VALQB,puneet_bhatia_ext
C-PF2VALQB,ramkumar_k_r
C-PF2VALQB,puneet_bhatia_ext
C-PF2VALQB,ramkumar_k_r
C-PF2VALQB,ramkumar_k_r
C-PF2VALQB,ramkumar_k_r
ASLSDAE,___VMware_Conv_SA___
FRMRSSAPP343,___VMware_Conv_SA___
FIHEL01WVARC006,___VMware_Conv_SA___
GASE1PDNSSRV-B,ramkumar_k_r
GEW4PSEPM01,ramkumar_k_r
OUEEHST051,___VMware_Conv_SA___
FIHEL01WVARC001,___VMware_Conv_SA___
DE05AWFIL011,___VMware_Conv_SA___
FIHEL02WVARC002,___VMware_Conv_SA___
GEW3PTABLEAU01,rahul_gola
DE05AWFIL012,___VMware_Conv_SA___
FIHEL01WVARC005,___VMware_Conv_SA___
GEW3NM4JMPS01,ramkumar_k_r
GEW3PW2012R201,rahul.gola
GEW3PW2012R201,ramkumar_k_r
FRMRSSAPP332,___VMware_Conv_SA___
FIHEL01WVARC002,___VMware_Conv_SA___
GEW3PVMLIC012,ramkumar_k_r
GEW3NRLQ01,ramkumar_k_r
OUGRAPPV001,puneet_bhatia_ext
OUGRAPPV001,___VMware_Conv_SA___
OUSCACOVTEST040,___VMware_Conv_SA___
GAS1PNWTOOLS01,ramkumar_k_r
GUE4PSQLDB02,ramkumar_k_r
GEW3PWIN201201,puneet_bhatia_ext
GEW3PWIN201201,ramkumar_k_r
FIHEL02WVARC001,___VMware_Conv_SA___
GAS1PFLXBV1W01,ramkumar_k_r
FIHEL01WVARC004,ramkumar_k_r
FIHEL01WVARC004,___VMware_Conv_SA___
FIHEL01WVARC003,___VMware_Conv_SA___
GEW3PIAPWINL,rahul.gola
GEW3PIAPWINL,ramkumar_k_r
FR70VMFIL01,ramkumar_k_r
FR70VMFIL01,___VMware_Conv_SA___
GEW3PIAPBV1W01,rahul.gola
GEW3PIAPBV1W01,ramkumar_k_r
OUHWWINPWB52,puneet_bhatia_ext
OUHWWINPWB52,ramkumar_k_r
OUHWWINPWB52,___VMware_Conv_SA___
BEANTSAPP100,___VMware_Conv_SA___
GAS1PDNSSRV-B,ramkumar_k_r
GEW3NEEQCINT01,ramkumar_k_r
